-52.5,-250,0.230323782216
-42.5,-250,0.404807155429
-32.5,-250,0.421096252784
-22.5,-250,0.409449535928
-12.5,-250,0.409161405136
-2.5,-250,0.408721337649
7.5,-250,0.419715475868
17.5,-250,0.392745631382
27.5,-250,0.376816392567
37.5,-250,0.394251320153
47.5,-250,0.341001405462
57.5,-250,0.33298686456
67.5,-250,0.368944941515
77.5,-250,0.320294714598
87.5,-250,0.242251512149
97.5,-250,0.158202786041
107.5,-250,0.510275511542
117.5,-250,0.761424310163
127.5,-250,1.0
137.5,-250,1.0
147.5,-250,0
157.5,-250,0
167.5,-250,0
177.5,-250,0
187.5,-250,0
197.5,-250,0
207.5,-250,0
217.5,-250,0
227.5,-250,0
237.5,-250,0.0
247.5,-250,0.0
257.5,-250,0.0
-52.5,-240,0.368559308799
-42.5,-240,0.395521346081
-32.5,-240,0.386595229484
-22.5,-240,0.400648499587
-12.5,-240,0.410876502089
-2.5,-240,0.409306124357
7.5,-240,0.406685560332
17.5,-240,0.399502293283
27.5,-240,0.417267625075
37.5,-240,0.399607787632
47.5,-240,0.402221841526
57.5,-240,0.375950542933
67.5,-240,0.337443307875
77.5,-240,0.351998499519
87.5,-240,0.364707981645
97.5,-240,0.350452872321
107.5,-240,0.342980640199
117.5,-240,0.410457194581
127.5,-240,0.567226798506
137.5,-240,0.767749522101
147.5,-240,0.692945231424
157.5,-240,1.0
167.5,-240,1.0
177.5,-240,0
187.5,-240,0
197.5,-240,0
207.5,-240,0
217.5,-240,0
227.5,-240,0.0
237.5,-240,0.0
247.5,-240,0.0
257.5,-240,0.0
-52.5,-230,0.409936919699
-42.5,-230,0.397201849733
-32.5,-230,0.389161858323
-22.5,-230,0.408001644585
-12.5,-230,0.400831908721
-2.5,-230,0.412336486848
7.5,-230,0.409280251416
17.5,-230,0.401343988727
27.5,-230,0.401887100429
37.5,-230,0.380251481806
47.5,-230,0.371846775539
57.5,-230,0.365143731774
67.5,-230,0.357314446059
77.5,-230,0.364280116199
87.5,-230,0.349951057688
97.5,-230,0.391007493205
107.5,-230,0.383057802105
117.5,-230,0.368146808379
127.5,-230,0.40849048491
137.5,-230,0.456749378161
147.5,-230,0.52710930868
157.5,-230,0.302832705214
167.5,-230,0.679385006469
177.5,-230,0
187.5,-230,0
197.5,-230,0
207.5,-230,0
217.5,-230,0
227.5,-230,0.0
237.5,-230,0.0
247.5,-230,0.0
257.5,-230,0.0
-52.5,-220,0.432683132145
-42.5,-220,0.421349064367
-32.5,-220,0.40745307865
-22.5,-220,0.410488935352
-12.5,-220,0.402372874882
-2.5,-220,0.406088917752
7.5,-220,0.404741244181
17.5,-220,0.392380799136
27.5,-220,0.410784038571
37.5,-220,0.38836163164
47.5,-220,0.375919783969
57.5,-220,0.379509757072
67.5,-220,0.373094249426
77.5,-220,0.369977178041
87.5,-220,0.382881462862
97.5,-220,0.361392544228
107.5,-220,0.367916274668
117.5,-220,0.36135384716
127.5,-220,0.368605384767
137.5,-220,0.441997275712
147.5,-220,0.51486439954
157.5,-220,0.467269246253
167.5,-220,0.447360209925
177.5,-220,1.0
187.5,-220,1.0
197.5,-220,0
207.5,-220,0
217.5,-220,0
227.5,-220,0.0
237.5,-220,0.0
247.5,-220,0.0
257.5,-220,0.0
-52.5,-210,0.410096727549
-42.5,-210,0.410928250443
-32.5,-210,0.396977885829
-22.5,-210,0.400906238793
-12.5,-210,0.411075992525
-2.5,-210,0.401047401064
7.5,-210,0.398492175724
17.5,-210,0.39686176879
27.5,-210,0.384090063309
37.5,-210,0.387515611928
47.5,-210,0.387811907133
57.5,-210,0.378167087908
67.5,-210,0.366659551765
77.5,-210,0.363243728455
87.5,-210,0.364613639108
97.5,-210,0.374807004927
107.5,-210,0.369014939722
117.5,-210,0.356554443536
127.5,-210,0.352106221286
137.5,-210,0.342355269947
147.5,-210,0.361127667481
157.5,-210,0.327198703862
167.5,-210,0.395976434013
177.5,-210,0.383436833634
187.5,-210,0.355476294806
197.5,-210,0
207.5,-210,0
217.5,-210,0
227.5,-210,0
237.5,-210,0.0
247.5,-210,0.0
257.5,-210,0.0
-52.5,-200,0.419770006051
-42.5,-200,0.416586888731
-32.5,-200,0.414644668367
-22.5,-200,0.401787122607
-12.5,-200,0.396119283082
-2.5,-200,0.392413273875
7.5,-200,0.377407462715
17.5,-200,0.379171609103
27.5,-200,0.375307820614
37.5,-200,0.37414318358
47.5,-200,0.373522368214
57.5,-200,0.371329009671
67.5,-200,0.38400466987
77.5,-200,0.368916159556
87.5,-200,0.372001581303
97.5,-200,0.363458374515
107.5,-200,0.351386115504
117.5,-200,0.353189449031
127.5,-200,0.359538563759
137.5,-200,0.369925935719
147.5,-200,0.364278907665
157.5,-200,0.348284720229
167.5,-200,0.31789873847
177.5,-200,0.214122321763
187.5,-200,0.286367741273
197.5,-200,0.280430765015
207.5,-200,0.239560324038
217.5,-200,0.0
227.5,-200,0
237.5,-200,0.0
247.5,-200,0.0
257.5,-200,0.0
-52.5,-190,0.380447410905
-42.5,-190,0.402329577464
-32.5,-190,0.386446738777
-22.5,-190,0.38560674158
-12.5,-190,0.380997122909
-2.5,-190,0.356507692297
7.5,-190,0.345524280193
17.5,-190,0.321873764653
27.5,-190,0.347904232745
37.5,-190,0.376467896391
47.5,-190,0.396741200493
57.5,-190,0.362143989765
67.5,-190,0.351248536046
77.5,-190,0.362131669651
87.5,-190,0.360051138599
97.5,-190,0.351567027443
107.5,-190,0.360072502558
117.5,-190,0.352624391644
127.5,-190,0.346918938706
137.5,-190,0.358816778505
147.5,-190,0.350609656492
157.5,-190,0.329721987435
167.5,-190,0.295520016452
177.5,-190,0.247328723079
187.5,-190,0.225668322156
197.5,-190,0.201975878341
207.5,-190,0.210466889397
217.5,-190,0.0
227.5,-190,0.0
237.5,-190,0.0
247.5,-190,0.0
257.5,-190,0.0
-52.5,-180,0.337889798851
-42.5,-180,0.376081244671
-32.5,-180,0.343227580278
-22.5,-180,0.374791718098
-12.5,-180,0.342095010242
-2.5,-180,0.360798563005
7.5,-180,0.337001692097
17.5,-180,0.342357966657
27.5,-180,0.34921243203
37.5,-180,0.336056499603
47.5,-180,0.367647470566
57.5,-180,0.371332162226
67.5,-180,0.341037043712
77.5,-180,0.354435880873
87.5,-180,0.350873100143
97.5,-180,0.351421881303
107.5,-180,0.342288346906
117.5,-180,0.356089164802
127.5,-180,0.354048326602
137.5,-180,0.359181171397
147.5,-180,0.345616633376
157.5,-180,0.329583272527
167.5,-180,0.305259273413
177.5,-180,0.253437461641
187.5,-180,0.24976490081
197.5,-180,0.226816453718
207.5,-180,0.184447447523
217.5,-180,0.145710174808
227.5,-180,0.0
237.5,-180,0.0
247.5,-180,0.0
257.5,-180,0.0
-52.5,-170,0.35620565759
-42.5,-170,0.362378306527
-32.5,-170,0.35720788171
-22.5,-170,0.372894316736
-12.5,-170,0.358385020738
-2.5,-170,0.349220540337
7.5,-170,0.355990759147
17.5,-170,0.334261620828
27.5,-170,0.362044532145
37.5,-170,0.372664639906
47.5,-170,0.35759160179
57.5,-170,0.366615857055
67.5,-170,0.364268549556
77.5,-170,0.354388917836
87.5,-170,0.349759858236
97.5,-170,0.35889061609
107.5,-170,0.348678807773
117.5,-170,0.35668169842
127.5,-170,0.357105726322
137.5,-170,0.356090016306
147.5,-170,0.33468430149
157.5,-170,0.331465428957
167.5,-170,0.314494356214
177.5,-170,0.319219980694
187.5,-170,0.267369561042
197.5,-170,0.264084704244
207.5,-170,0.254869287464
217.5,-170,0.307038662118
227.5,-170,0.0
237.5,-170,0.0
247.5,-170,0.0
257.5,-170,0.0
-52.5,-160,0.373525065439
-42.5,-160,0.340135525412
-32.5,-160,0.36871839431
-22.5,-160,0.360044482521
-12.5,-160,0.373753619872
-2.5,-160,0.374427750836
7.5,-160,0.372932874437
17.5,-160,0.374260916941
27.5,-160,0.354431925927
37.5,-160,0.384186355635
47.5,-160,0.369312775825
57.5,-160,0.357181459391
67.5,-160,0.365521810765
77.5,-160,0.34931459361
87.5,-160,0.35143930099
97.5,-160,0.379313573732
107.5,-160,0.363408327184
117.5,-160,0.36367969146
127.5,-160,0.345139242126
137.5,-160,0.345978565679
147.5,-160,0.339546697453
157.5,-160,0.330211110611
167.5,-160,0.325869200739
177.5,-160,0.315959471945
187.5,-160,0.320060952718
197.5,-160,0.288093388107
207.5,-160,0.283358306292
217.5,-160,0.259358664211
227.5,-160,0.113867121127
237.5,-160,0.0
247.5,-160,0.0
257.5,-160,0.0
-52.5,-150,0.386549488063
-42.5,-150,0.339845663005
-32.5,-150,0.357024354625
-22.5,-150,0.375939496458
-12.5,-150,0.381983407128
-2.5,-150,0.367985471351
7.5,-150,0.368099729577
17.5,-150,0.372739582638
27.5,-150,0.369777640868
37.5,-150,0.33979307232
47.5,-150,0.358165228212
57.5,-150,0.358782988717
67.5,-150,0.355933816336
77.5,-150,0.378236194076
87.5,-150,0.391509131064
97.5,-150,0.390433817161
107.5,-150,0.400306359092
117.5,-150,0.379617097624
127.5,-150,0.355711459839
137.5,-150,0.349730893646
147.5,-150,0.337359641269
157.5,-150,0.343418234149
167.5,-150,0.347755580923
177.5,-150,0.349192728902
187.5,-150,0.349971180919
197.5,-150,0.35839566518
207.5,-150,0.344774598931
217.5,-150,0.268281850862
227.5,-150,0.143269238864
237.5,-150,0.0
247.5,-150,0.0
257.5,-150,0.0
-52.5,-140,0.376576181701
-42.5,-140,0.334203800458
-32.5,-140,0.360055338565
-22.5,-140,0.355430872335
-12.5,-140,0.369789999642
-2.5,-140,0.377650529724
7.5,-140,0.38721296661
17.5,-140,0.366182971524
27.5,-140,0.369295738637
37.5,-140,0.349536225071
47.5,-140,0.362536564591
57.5,-140,0.34068186994
67.5,-140,0.36621256155
77.5,-140,0.368935449292
87.5,-140,0.377978101264
97.5,-140,0.382162052402
107.5,-140,0.385831988807
117.5,-140,0.381788453817
127.5,-140,0.35401808907
137.5,-140,0.357265350567
147.5,-140,0.354319875026
157.5,-140,0.35610764583
167.5,-140,0.360146728892
177.5,-140,0.356991910621
187.5,-140,0.362439789413
197.5,-140,0.355585051967
207.5,-140,0.345818891804
217.5,-140,0.295358946407
227.5,-140,0.277553217471
237.5,-140,0.239332149785
247.5,-140,0.0
257.5,-140,0.0
-52.5,-130,0.42034761771
-42.5,-130,0.370515840054
-32.5,-130,0.346547387151
-22.5,-130,0.356934508223
-12.5,-130,0.372304584027
-2.5,-130,0.367558445461
7.5,-130,0.373742499199
17.5,-130,0.353663575255
27.5,-130,0.344978374521
37.5,-130,0.34205800555
47.5,-130,0.312394203108
57.5,-130,0.338347480239
67.5,-130,0.36102846328
77.5,-130,0.36361878246
87.5,-130,0.38408970842
97.5,-130,0.386131981019
107.5,-130,0.374539643433
117.5,-130,0.358443171793
127.5,-130,0.378520863325
137.5,-130,0.362175256141
147.5,-130,0.372623247058
157.5,-130,0.369192806558
167.5,-130,0.374565082031
177.5,-130,0.378370773135
187.5,-130,0.36533621207
197.5,-130,0.360901366822
207.5,-130,0.334817431845
217.5,-130,0.34089105437
227.5,-130,0.339304228757
237.5,-130,0.251679996731
247.5,-130,0.433276960593
257.5,-130,0.0
-52.5,-120,0.441920658569
-42.5,-120,0.377976143441
-32.5,-120,0.374133716957
-22.5,-120,0.373474367943
-12.5,-120,0.376189329027
-2.5,-120,0.365658070474
7.5,-120,0.382953612626
17.5,-120,0.367751537134
27.5,-120,0.359116048446
37.5,-120,0.322172955328
47.5,-120,0.322442019357
57.5,-120,0.326138594706
67.5,-120,0.34336497241
77.5,-120,0.362173403741
87.5,-120,0.344050783648
97.5,-120,0.339686447959
107.5,-120,0.35140109073
117.5,-120,0.358481895944
127.5,-120,0.353929517834
137.5,-120,0.347074639285
147.5,-120,0.378809967245
157.5,-120,0.367998851717
167.5,-120,0.379570945891
177.5,-120,0.373092555359
187.5,-120,0.359477115661
197.5,-120,0.356718592775
207.5,-120,0.3258011419
217.5,-120,0.296078748332
227.5,-120,0.292477757294
237.5,-120,0.280113821183
247.5,-120,0.292986448524
257.5,-120,0.192167416072
-52.5,-110,0.420968446259
-42.5,-110,0.411021460622
-32.5,-110,0.382567006086
-22.5,-110,0.378272883019
-12.5,-110,0.374434618551
-2.5,-110,0.385015920114
7.5,-110,0.394472938888
17.5,-110,0.372595945555
27.5,-110,0.362068082072
37.5,-110,0.336624423101
47.5,-110,0.333489005345
57.5,-110,0.315038596995
67.5,-110,0.331357404479
77.5,-110,0.346084876668
87.5,-110,0.336871772737
97.5,-110,0.334330232802
107.5,-110,0.335516503823
117.5,-110,0.341265248185
127.5,-110,0.35127056907
137.5,-110,0.342680132176
147.5,-110,0.352323911597
157.5,-110,0.367827937141
167.5,-110,0.374383886577
177.5,-110,0.368171889771
187.5,-110,0.359786494997
197.5,-110,0.350773310196
207.5,-110,0.323074784119
217.5,-110,0.314609584861
227.5,-110,0.255786346571
237.5,-110,0.252766398546
247.5,-110,0.389060737828
257.5,-110,0.325511320338
-52.5,-100,0.45270809429
-42.5,-100,0.384656522777
-32.5,-100,0.35657825942
-22.5,-100,0.368386300625
-12.5,-100,0.383973554662
-2.5,-100,0.38980560914
7.5,-100,0.383228851531
17.5,-100,0.390240290801
27.5,-100,0.377174890892
37.5,-100,0.363367617817
47.5,-100,0.35590686322
57.5,-100,0.332717918614
67.5,-100,0.328603377205
77.5,-100,0.312334678034
87.5,-100,0.30692707354
97.5,-100,0.309333604368
107.5,-100,0.310214880541
117.5,-100,0.333650231327
127.5,-100,0.335300801536
137.5,-100,0.325379413178
147.5,-100,0.34275434848
157.5,-100,0.368426795604
167.5,-100,0.352067846393
177.5,-100,0.362281952597
187.5,-100,0.349277682071
197.5,-100,0.330646378009
207.5,-100,0.31457487427
217.5,-100,0.312136693221
227.5,-100,0.267651446946
237.5,-100,0.213111301448
247.5,-100,0.325148089534
257.5,-100,0.370871706261
-52.5,-90,0.352275347853
-42.5,-90,0.345492563981
-32.5,-90,0.354791573391
-22.5,-90,0.35908521705
-12.5,-90,0.388469651325
-2.5,-90,0.399703329559
7.5,-90,0.407596610265
17.5,-90,0.404674940979
27.5,-90,0.38728949589
37.5,-90,0.388967157751
47.5,-90,0.364677067056
57.5,-90,0.3497984714
67.5,-90,0.332618396827
77.5,-90,0.309487759256
87.5,-90,0.31438238119
97.5,-90,0.295258641072
107.5,-90,0.315878954177
117.5,-90,0.320488535299
127.5,-90,0.326287349282
137.5,-90,0.34507686098
147.5,-90,0.32882875706
157.5,-90,0.34913529652
167.5,-90,0.349458808377
177.5,-90,0.351668133683
187.5,-90,0.335611290654
197.5,-90,0.343977982398
207.5,-90,0.327066264309
217.5,-90,0.299941835147
227.5,-90,0.286548034042
237.5,-90,0.275514754601
247.5,-90,0.261545809481
257.5,-90,0.306165046304
-52.5,-80,0.238960150463
-42.5,-80,0.307912810118
-32.5,-80,0.301258101856
-22.5,-80,0.36564511477
-12.5,-80,0.358330087034
-2.5,-80,0.374253421066
7.5,-80,0.383701696202
17.5,-80,0.38492032391
27.5,-80,0.396359365587
37.5,-80,0.391098460069
47.5,-80,0.386153798695
57.5,-80,0.352811289806
67.5,-80,0.340562936636
77.5,-80,0.31514843675
87.5,-80,0.312033639894
97.5,-80,0.305086012439
107.5,-80,0.312656147277
117.5,-80,0.323966615669
127.5,-80,0.331629009663
137.5,-80,0.347541593819
147.5,-80,0.340262998743
157.5,-80,0.363698024406
167.5,-80,0.35351213967
177.5,-80,0.363532931755
187.5,-80,0.342786831117
197.5,-80,0.335115197678
207.5,-80,0.337774295895
217.5,-80,0.316234843517
227.5,-80,0.283578188283
237.5,-80,0.266796037847
247.5,-80,0.32279622298
257.5,-80,0.349790784663
-52.5,-70,0.0495222629548
-42.5,-70,0.203060765094
-32.5,-70,0.242701885361
-22.5,-70,0.294974602522
-12.5,-70,0.322609640245
-2.5,-70,0.338044913649
7.5,-70,0.354940477346
17.5,-70,0.351722827131
27.5,-70,0.377560990098
37.5,-70,0.368683558974
47.5,-70,0.357119506867
57.5,-70,0.372044225116
67.5,-70,0.356674368678
77.5,-70,0.344763709377
87.5,-70,0.329883306446
97.5,-70,0.326243985202
107.5,-70,0.31560592962
117.5,-70,0.345163886373
127.5,-70,0.350114608768
137.5,-70,0.357834495317
147.5,-70,0.356746369745
157.5,-70,0.367326255847
167.5,-70,0.35047075769
177.5,-70,0.377969209456
187.5,-70,0.350680341403
197.5,-70,0.340508164481
207.5,-70,0.331503458319
217.5,-70,0.327984409133
227.5,-70,0.335475879582
237.5,-70,0.25076347441
247.5,-70,0.25236932587
257.5,-70,0.274491505827
-52.5,-60,0.0531365265438
-42.5,-60,0.139471757085
-32.5,-60,0.182898704643
-22.5,-60,0.281673542785
-12.5,-60,0.311185279578
-2.5,-60,0.326201348172
7.5,-60,0.323744559278
17.5,-60,0.324906875907
27.5,-60,0.341187263674
37.5,-60,0.350150600186
47.5,-60,0.366194702228
57.5,-60,0.357984852959
67.5,-60,0.368771699986
77.5,-60,0.364489010818
87.5,-60,0.333771113544
97.5,-60,0.319975020435
107.5,-60,0.326882170339
117.5,-60,0.329140961543
127.5,-60,0.352145482591
137.5,-60,0.366763461544
147.5,-60,0.372206705629
157.5,-60,0.35927456464
167.5,-60,0.362397288874
177.5,-60,0.379822082277
187.5,-60,0.355968650816
197.5,-60,0.346938566128
207.5,-60,0.334682214779
217.5,-60,0.32873585231
227.5,-60,0.346775604466
237.5,-60,0.29543020236
247.5,-60,0.314643802962
257.5,-60,0.188121878105
-52.5,-50,0.140761304322
-42.5,-50,0.213028059741
-32.5,-50,0.309886434247
-22.5,-50,0.395252100171
-12.5,-50,0.440599332905
-2.5,-50,0.429989767339
7.5,-50,0.414464302324
17.5,-50,0.368029445027
27.5,-50,0.317898003096
37.5,-50,0.325071608187
47.5,-50,0.354123405929
57.5,-50,0.370367016721
67.5,-50,0.387798197875
77.5,-50,0.369707595922
87.5,-50,0.3467790179
97.5,-50,0.328455454503
107.5,-50,0.331040791001
117.5,-50,0.335231545515
127.5,-50,0.344504202179
137.5,-50,0.402797141865
147.5,-50,0.372761007387
157.5,-50,0.393200161146
167.5,-50,0.383557092269
177.5,-50,0.373400411377
187.5,-50,0.356026393658
197.5,-50,0.345373046368
207.5,-50,0.341282394882
217.5,-50,0.342031721933
227.5,-50,0.334900470579
237.5,-50,0.358059584597
247.5,-50,0.237699776589
257.5,-50,0.110262750831
-52.5,-40,0.279310934586
-42.5,-40,0.394560565051
-32.5,-40,0.475767246749
-22.5,-40,0.527854763057
-12.5,-40,0.527911688686
-2.5,-40,0.515313237339
7.5,-40,0.483281120072
17.5,-40,0.445962721915
27.5,-40,0.379506106878
37.5,-40,0.327893573823
47.5,-40,0.338966599772
57.5,-40,0.373341343105
67.5,-40,0.365998873149
77.5,-40,0.354223349131
87.5,-40,0.351326437768
97.5,-40,0.319043017343
107.5,-40,0.319213081398
117.5,-40,0.358110369482
127.5,-40,0.381156129348
137.5,-40,0.408899998225
147.5,-40,0.401550151908
157.5,-40,0.404828425078
167.5,-40,0.394304577105
177.5,-40,0.392620671493
187.5,-40,0.381410321867
197.5,-40,0.364297916538
207.5,-40,0.352429515668
217.5,-40,0.344787676657
227.5,-40,0.333198522108
237.5,-40,0.330943425161
247.5,-40,0.261859245401
257.5,-40,0.246225727926
-52.5,-30,0.405662652422
-42.5,-30,0.541605380225
-32.5,-30,0.583868131542
-22.5,-30,0.599374502923
-12.5,-30,0.581445062037
-2.5,-30,0.564499061697
7.5,-30,0.534328417131
17.5,-30,0.502682236337
27.5,-30,0.447938579778
37.5,-30,0.390204337549
47.5,-30,0.352850382075
57.5,-30,0.352815534207
67.5,-30,0.368797408116
77.5,-30,0.364687993018
87.5,-30,0.364195855423
97.5,-30,0.350744272145
107.5,-30,0.365434505179
117.5,-30,0.395875133199
127.5,-30,0.405373775248
137.5,-30,0.439019303444
147.5,-30,0.433382237449
157.5,-30,0.419745652657
167.5,-30,0.40274474702
177.5,-30,0.378567142723
187.5,-30,0.37088776557
197.5,-30,0.353914268854
207.5,-30,0.333922359683
217.5,-30,0.326042369608
227.5,-30,0.314877870378
237.5,-30,0.316495996014
247.5,-30,0.276818218919
257.5,-30,0.197610772458
-52.5,-20,0.5364505667
-42.5,-20,0.619479927923
-32.5,-20,0.634167683786
-22.5,-20,0.629758982104
-12.5,-20,0.617712750864
-2.5,-20,0.601517209373
7.5,-20,0.580461428885
17.5,-20,0.543088504834
27.5,-20,0.488358993824
37.5,-20,0.419264198058
47.5,-20,0.373280445503
57.5,-20,0.366910578618
67.5,-20,0.367059513152
77.5,-20,0.357766731893
87.5,-20,0.344528783134
97.5,-20,0.346761457399
107.5,-20,0.399000384475
117.5,-20,0.432240611277
127.5,-20,0.451628167706
137.5,-20,0.453556626865
147.5,-20,0.430752194909
157.5,-20,0.415462286527
167.5,-20,0.40592196229
177.5,-20,0.391770341984
187.5,-20,0.366473223767
197.5,-20,0.343444633974
207.5,-20,0.341063762536
217.5,-20,0.336388706946
227.5,-20,0.329073635139
237.5,-20,0.319692681229
247.5,-20,0.271271602239
257.5,-20,0.23742295986
-52.5,-10,0.570850641305
-42.5,-10,0.644645951392
-32.5,-10,0.656687571121
-22.5,-10,0.655080339178
-12.5,-10,0.643071685105
-2.5,-10,0.627100522801
7.5,-10,0.606749971084
17.5,-10,0.574047631932
27.5,-10,0.51434843749
37.5,-10,0.436053887562
47.5,-10,0.381677659001
57.5,-10,0.358608285487
67.5,-10,0.357603170466
77.5,-10,0.356622782869
87.5,-10,0.36063262344
97.5,-10,0.354896874216
107.5,-10,0.409435098422
117.5,-10,0.447403110776
127.5,-10,0.463453046563
137.5,-10,0.453114242815
147.5,-10,0.439714073742
157.5,-10,0.415727607633
167.5,-10,0.392298669328
177.5,-10,0.370700157404
187.5,-10,0.354380787299
197.5,-10,0.33222661583
207.5,-10,0.325799655444
217.5,-10,0.312454532704
227.5,-10,0.313507945347
237.5,-10,0.314309518083
247.5,-10,0.294459561446
257.5,-10,0.278864740294
-52.5,0,0.561913093459
-42.5,0,0.630156510525
-32.5,0,0.658926204531
-22.5,0,0.655867033811
-12.5,0,0.646345125555
-2.5,0,0.634037605338
7.5,0,0.61272473194
17.5,0,0.586084876483
27.5,0,0.530385449366
37.5,0,0.445157437152
47.5,0,0.393037034162
57.5,0,0.364356309678
67.5,0,0.349650188088
77.5,0,0.338956765238
87.5,0,0.347175343381
97.5,0,0.350983844849
107.5,0,0.398676937039
117.5,0,0.440325199974
127.5,0,0.456925675915
137.5,0,0.453307671915
147.5,0,0.43564700294
157.5,0,0.41083685484
167.5,0,0.386738291691
177.5,0,0.372601572954
187.5,0,0.335273004884
197.5,0,0.323593184483
207.5,0,0.313917569331
217.5,0,0.318411710761
227.5,0,0.324707008461
237.5,0,0.315063015265
247.5,0,0.313973106818
257.5,0,0.28592713977
-52.5,10,0.546360175056
-42.5,10,0.596930151835
-32.5,10,0.655674698664
-22.5,10,0.644107117807
-12.5,10,0.639768475037
-2.5,10,0.625342523436
7.5,10,0.604444032203
17.5,10,0.574411267577
27.5,10,0.522067655633
37.5,10,0.443634636712
47.5,10,0.375920479846
57.5,10,0.351174759337
67.5,10,0.347383937195
77.5,10,0.344460677195
87.5,10,0.330075347902
97.5,10,0.349309934435
107.5,10,0.390762270596
117.5,10,0.4049029359
127.5,10,0.428234065949
137.5,10,0.431256186105
147.5,10,0.422994725794
157.5,10,0.399997135059
167.5,10,0.377331829782
177.5,10,0.366133494568
187.5,10,0.318036269614
197.5,10,0.313563902428
207.5,10,0.32363860304
217.5,10,0.313584314683
227.5,10,0.316167530898
237.5,10,0.314900408737
247.5,10,0.325362106286
257.5,10,0.312077952309
-52.5,20,0.449703385367
-42.5,20,0.544111085449
-32.5,20,0.616963536789
-22.5,20,0.621110468036
-12.5,20,0.615391122471
-2.5,20,0.595999483794
7.5,20,0.583081278386
17.5,20,0.551189294127
27.5,20,0.49661371255
37.5,20,0.429899935968
47.5,20,0.353218717922
57.5,20,0.354736249186
67.5,20,0.335451946786
77.5,20,0.334055446471
87.5,20,0.337512397904
97.5,20,0.346289297602
107.5,20,0.369935124986
117.5,20,0.371602190396
127.5,20,0.399418311425
137.5,20,0.406948945255
147.5,20,0.406709640561
157.5,20,0.399970513785
167.5,20,0.379692804159
177.5,20,0.354087421452
187.5,20,0.330090142762
197.5,20,0.319717821271
207.5,20,0.312905946223
217.5,20,0.309838754903
227.5,20,0.3158323906
237.5,20,0.328686510961
247.5,20,0.283914944958
257.5,20,0.295861621323
-52.5,30,0.335192782924
-42.5,30,0.407938711873
-32.5,30,0.562396457031
-22.5,30,0.574223656011
-12.5,30,0.582404642032
-2.5,30,0.559595812804
7.5,30,0.542515125171
17.5,30,0.508550495061
27.5,30,0.450875787024
37.5,30,0.384044294416
47.5,30,0.336437257421
57.5,30,0.341872010557
67.5,30,0.338988615199
77.5,30,0.31257411206
87.5,30,0.345101822313
97.5,30,0.333518662894
107.5,30,0.340317027235
117.5,30,0.350906802749
127.5,30,0.357073487497
137.5,30,0.387837712546
147.5,30,0.380728473238
157.5,30,0.394918583003
167.5,30,0.402732867112
177.5,30,0.378493203754
187.5,30,0.352554298636
197.5,30,0.301561924611
207.5,30,0.309689734972
217.5,30,0.318964410979
227.5,30,0.316871182846
237.5,30,0.31040932019
247.5,30,0.259254026991
257.5,30,0.243202283013
-52.5,40,0.224461474801
-42.5,40,0.30745541809
-32.5,40,0.404379503093
-22.5,40,0.498353246812
-12.5,40,0.522894882112
-2.5,40,0.516479600429
7.5,40,0.489640892847
17.5,40,0.445012546934
27.5,40,0.391216816904
37.5,40,0.340547739356
47.5,40,0.335449632281
57.5,40,0.340724784869
67.5,40,0.346079816072
77.5,40,0.324872756216
87.5,40,0.352008495099
97.5,40,0.337465202648
107.5,40,0.335296282106
117.5,40,0.343709638131
127.5,40,0.353291779515
137.5,40,0.362493293474
147.5,40,0.378708362986
157.5,40,0.38939647464
167.5,40,0.420693703516
177.5,40,0.390318064045
187.5,40,0.365450271092
197.5,40,0.329429229526
207.5,40,0.336028091204
217.5,40,0.318650719139
227.5,40,0.288707134085
237.5,40,0.302109660255
247.5,40,0.198055944891
257.5,40,0.17054494547
-52.5,50,0.108426713624
-42.5,50,0.0914780414034
-32.5,50,0.226793103468
-22.5,50,0.310744600279
-12.5,50,0.382979243378
-2.5,50,0.390058696821
7.5,50,0.369712562184
17.5,50,0.349256688296
27.5,50,0.324255161675
37.5,50,0.343347278598
47.5,50,0.357783204599
57.5,50,0.367314940531
67.5,50,0.336358990257
77.5,50,0.335582054339
87.5,50,0.324380722868
97.5,50,0.347389294708
107.5,50,0.339773178488
117.5,50,0.346490115989
127.5,50,0.344769254019
137.5,50,0.350183035478
147.5,50,0.377797561014
157.5,50,0.402169543035
167.5,50,0.405299068571
177.5,50,0.371774828499
187.5,50,0.363718429722
197.5,50,0.355610968525
207.5,50,0.319797046163
217.5,50,0.317057044057
227.5,50,0.314293016297
237.5,50,0.303689118589
247.5,50,0.186290282045
257.5,50,0.134728461446
-52.5,60,0.0776020632891
-42.5,60,0.112229762461
-32.5,60,0.253201346842
-22.5,60,0.288763235838
-12.5,60,0.298215889003
-2.5,60,0.308405464413
7.5,60,0.319255147087
17.5,60,0.319283754721
27.5,60,0.326030420487
37.5,60,0.350603019579
47.5,60,0.352773079917
57.5,60,0.354157026938
67.5,60,0.344273937652
77.5,60,0.320099302017
87.5,60,0.327927288037
97.5,60,0.339980975046
107.5,60,0.336787210946
117.5,60,0.351302719006
127.5,60,0.332638901441
137.5,60,0.352993605385
147.5,60,0.374504375296
157.5,60,0.382735594577
167.5,60,0.420176337867
177.5,60,0.382419736506
187.5,60,0.366473040253
197.5,60,0.353936665253
207.5,60,0.33799380773
217.5,60,0.335904373157
227.5,60,0.318660832289
237.5,60,0.279479657398
247.5,60,0.19275254553
257.5,60,0.0505097058803
-52.5,70,0.250491154225
-42.5,70,0.213359279849
-32.5,70,0.303944008057
-22.5,70,0.295993912175
-12.5,70,0.320881489848
-2.5,70,0.315491954808
7.5,70,0.317761434635
17.5,70,0.328974159796
27.5,70,0.329896304282
37.5,70,0.355075112758
47.5,70,0.364469775258
57.5,70,0.374634691849
67.5,70,0.342329137479
77.5,70,0.339119200982
87.5,70,0.333710689432
97.5,70,0.339573804686
107.5,70,0.344589281937
117.5,70,0.347058027287
127.5,70,0.353318949125
137.5,70,0.34373926702
147.5,70,0.362849694613
157.5,70,0.373853766862
167.5,70,0.383505450742
177.5,70,0.392352120952
187.5,70,0.380844612657
197.5,70,0.353672096214
207.5,70,0.333230844349
217.5,70,0.322600594912
227.5,70,0.319585969347
237.5,70,0.305177006312
247.5,70,0.18320407658
257.5,70,0.0
-52.5,80,0.263893518736
-42.5,80,0.287217766431
-32.5,80,0.311163402707
-22.5,80,0.326135766955
-12.5,80,0.325178137951
-2.5,80,0.329407394487
7.5,80,0.321304834772
17.5,80,0.321987793015
27.5,80,0.334687930819
37.5,80,0.354196082699
47.5,80,0.362636270826
57.5,80,0.39061088781
67.5,80,0.350293260683
77.5,80,0.305759215391
87.5,80,0.315715778847
97.5,80,0.333939671888
107.5,80,0.340516493832
117.5,80,0.325652780346
127.5,80,0.353000253227
137.5,80,0.349217355963
147.5,80,0.356999263504
157.5,80,0.371526872924
167.5,80,0.395968162593
177.5,80,0.390715856776
187.5,80,0.381126604388
197.5,80,0.372379630814
207.5,80,0.356017306297
217.5,80,0.34334169766
227.5,80,0.315636532745
237.5,80,0.301364797283
247.5,80,0.263060349118
257.5,80,0.133543604785
-52.5,90,0.396970026001
-42.5,90,0.306730773706
-32.5,90,0.318602767487
-22.5,90,0.338257848936
-12.5,90,0.329789474999
-2.5,90,0.323384372193
7.5,90,0.3280375233
17.5,90,0.336438962515
27.5,90,0.342284857279
37.5,90,0.35171553331
47.5,90,0.373136192476
57.5,90,0.370844798602
67.5,90,0.355490252888
77.5,90,0.323050409556
87.5,90,0.310207118186
97.5,90,0.324740840995
107.5,90,0.328988430255
117.5,90,0.34149790308
127.5,90,0.357768210901
137.5,90,0.352818796351
147.5,90,0.366187088528
157.5,90,0.371093231844
167.5,90,0.396196808921
177.5,90,0.39930905357
187.5,90,0.391268001899
197.5,90,0.373867817458
207.5,90,0.366496621503
217.5,90,0.343610967501
227.5,90,0.318565193312
237.5,90,0.279861684737
247.5,90,0.326026956334
257.5,90,0.217054256976
-52.5,100,0.322212120934
-42.5,100,0.333244101689
-32.5,100,0.356693108833
-22.5,100,0.343324357483
-12.5,100,0.350315306055
-2.5,100,0.344789503769
7.5,100,0.334525923192
17.5,100,0.341197725681
27.5,100,0.341041425945
37.5,100,0.351694262336
47.5,100,0.39214239465
57.5,100,0.388264801654
67.5,100,0.363490333542
77.5,100,0.36205445087
87.5,100,0.31838322251
97.5,100,0.327781114379
107.5,100,0.329608645037
117.5,100,0.345014630146
127.5,100,0.36663022458
137.5,100,0.34757285042
147.5,100,0.375515743934
157.5,100,0.378982699557
167.5,100,0.39222717299
177.5,100,0.397284216751
187.5,100,0.395575524769
197.5,100,0.383245755511
207.5,100,0.378947089767
217.5,100,0.357093933236
227.5,100,0.349768482477
237.5,100,0.363789216575
247.5,100,0.356942603415
257.5,100,0.354431070871
-52.5,110,0.459235723037
-42.5,110,0.375119562712
-32.5,110,0.35844620094
-22.5,110,0.329927510548
-12.5,110,0.350102531222
-2.5,110,0.346983974681
7.5,110,0.35093533163
17.5,110,0.361687188213
27.5,110,0.355088386913
37.5,110,0.387632718032
47.5,110,0.383613056455
57.5,110,0.37618043738
67.5,110,0.372501254371
77.5,110,0.333835505962
87.5,110,0.317809742049
97.5,110,0.327482509982
107.5,110,0.338806128286
117.5,110,0.337444261532
127.5,110,0.360474726849
137.5,110,0.363876602311
147.5,110,0.375933875444
157.5,110,0.384817263956
167.5,110,0.390629850253
177.5,110,0.392922111865
187.5,110,0.393055160827
197.5,110,0.394727801014
207.5,110,0.38867133743
217.5,110,0.376007461503
227.5,110,0.329345289596
237.5,110,0.392558419782
247.5,110,0.288375275613
257.5,110,0.29087676291
-52.5,120,0.435870975767
-42.5,120,0.372237969595
-32.5,120,0.35602861728
-22.5,120,0.347373948445
-12.5,120,0.34295565652
-2.5,120,0.349824992504
7.5,120,0.356170754107
17.5,120,0.354221795045
27.5,120,0.354075165848
37.5,120,0.378947222844
47.5,120,0.35125527018
57.5,120,0.372991614899
67.5,120,0.352017004407
77.5,120,0.350434841942
87.5,120,0.341722271223
97.5,120,0.316252794996
107.5,120,0.350270895985
117.5,120,0.348141146665
127.5,120,0.368144381791
137.5,120,0.393000025736
147.5,120,0.37868670295
157.5,120,0.374503354396
167.5,120,0.384518910853
177.5,120,0.388215731742
187.5,120,0.386983979249
197.5,120,0.393923254304
207.5,120,0.401768099264
217.5,120,0.380875701502
227.5,120,0.433983733929
237.5,120,0.474675385065
247.5,120,0.412081539786
257.5,120,0.347758797448
-52.5,130,0.466580848088
-42.5,130,0.394396917848
-32.5,130,0.339686799379
-22.5,130,0.333004622673
-12.5,130,0.341383217634
-2.5,130,0.351297118235
7.5,130,0.353729470546
17.5,130,0.357404705808
27.5,130,0.3659987021
37.5,130,0.368051037959
47.5,130,0.383006487977
57.5,130,0.368446821378
67.5,130,0.349561765494
77.5,130,0.340837897635
87.5,130,0.338671664222
97.5,130,0.321943714773
107.5,130,0.336473114538
117.5,130,0.375466822741
127.5,130,0.377859405231
137.5,130,0.400563705862
147.5,130,0.390799158574
157.5,130,0.386201451626
167.5,130,0.364604851708
177.5,130,0.357932561712
187.5,130,0.368551628211
197.5,130,0.375590341108
207.5,130,0.389979288393
217.5,130,0.425707317854
227.5,130,0.430376940642
237.5,130,0.38798713388
247.5,130,0.282341547583
257.5,130,0.234245132386
-52.5,140,0.417945629752
-42.5,140,0.375632184342
-32.5,140,0.339121905058
-22.5,140,0.346801709687
-12.5,140,0.331149708844
-2.5,140,0.343896831647
7.5,140,0.349223162317
17.5,140,0.356230001133
27.5,140,0.367827852884
37.5,140,0.355721754872
47.5,140,0.355565975111
57.5,140,0.369144416816
67.5,140,0.346245560916
77.5,140,0.344075872966
87.5,140,0.329925546652
97.5,140,0.35487656917
107.5,140,0.357490614921
117.5,140,0.398603968262
127.5,140,0.385839357456
137.5,140,0.388504366837
147.5,140,0.372703225189
157.5,140,0.363893247733
167.5,140,0.35434936021
177.5,140,0.362636562164
187.5,140,0.344356200206
197.5,140,0.345274048202
207.5,140,0.361336689157
217.5,140,0.408996694376
227.5,140,0.388576041067
237.5,140,0.375855998776
247.5,140,0.268946843291
257.5,140,0.259780495692
-52.5,150,0.388465725284
-42.5,150,0.360801955296
-32.5,150,0.351145195437
-22.5,150,0.334422369854
-12.5,150,0.33377836386
-2.5,150,0.334381499201
7.5,150,0.33926860825
17.5,150,0.364204754088
27.5,150,0.373445237399
37.5,150,0.364475321134
47.5,150,0.373529353241
57.5,150,0.35922836041
67.5,150,0.36549230673
77.5,150,0.344234890879
87.5,150,0.327365683061
97.5,150,0.361949722776
107.5,150,0.363321713955
117.5,150,0.394477972051
127.5,150,0.382744405137
137.5,150,0.384133870187
147.5,150,0.367526756238
157.5,150,0.351340521297
167.5,150,0.337561174761
177.5,150,0.329662440686
187.5,150,0.297199613585
197.5,150,0.295974195175
207.5,150,0.317035664898
217.5,150,0.342707891868
227.5,150,0.258182442424
237.5,150,0.209589310226
247.5,150,0.146800251564
257.5,150,0.143676470713
-52.5,160,0.368336873891
-42.5,160,0.326572775671
-32.5,160,0.333438932798
-22.5,160,0.326360879007
-12.5,160,0.319757321493
-2.5,160,0.335298787716
7.5,160,0.33871515035
17.5,160,0.349276261499
27.5,160,0.360190742999
37.5,160,0.384712628069
47.5,160,0.370994751695
57.5,160,0.354536404359
67.5,160,0.33643098135
77.5,160,0.357696985519
87.5,160,0.345776229898
97.5,160,0.359624750807
107.5,160,0.360110197748
117.5,160,0.362435208475
127.5,160,0.363569233717
137.5,160,0.363454552428
147.5,160,0.345415760576
157.5,160,0.353786064628
167.5,160,0.31494315914
177.5,160,0.308531065819
187.5,160,0.278476692633
197.5,160,0.262655086876
207.5,160,0.239305452837
217.5,160,0.235354367866
227.5,160,0.146813752059
237.5,160,0.105327176761
247.5,160,0.11263730992
257.5,160,0.0
-52.5,170,0.327007943059
-42.5,170,0.343756693149
-32.5,170,0.32131729336
-22.5,170,0.318972731527
-12.5,170,0.316902691396
-2.5,170,0.318190876289
7.5,170,0.346338764143
17.5,170,0.367420148358
27.5,170,0.371492442361
37.5,170,0.387764122832
47.5,170,0.370858460891
57.5,170,0.37695537805
67.5,170,0.373985125305
77.5,170,0.387936253813
87.5,170,0.366611826278
97.5,170,0.35064024
107.5,170,0.340881356742
117.5,170,0.342454668963
127.5,170,0.339277891238
137.5,170,0.353283010038
147.5,170,0.344928469921
157.5,170,0.330028255406
167.5,170,0.305260607873
177.5,170,0.279087163196
187.5,170,0.210088204841
197.5,170,0.122933272217
207.5,170,0.128866542164
217.5,170,0.0574073470348
227.5,170,0.0691489109384
237.5,170,0.0772929698244
247.5,170,0.0
257.5,170,0.0
-52.5,180,0.293290417488
-42.5,180,0.323970069479
-32.5,180,0.290619275312
-22.5,180,0.303310641743
-12.5,180,0.328917444909
-2.5,180,0.331645675707
7.5,180,0.346155464289
17.5,180,0.348776562041
27.5,180,0.383811378723
37.5,180,0.378644365777
47.5,180,0.372186496445
57.5,180,0.371345245417
67.5,180,0.386011689867
77.5,180,0.388002103553
87.5,180,0.381488205782
97.5,180,0.346482147089
107.5,180,0.336278824871
117.5,180,0.345861492732
127.5,180,0.327309946232
137.5,180,0.341303191285
147.5,180,0.335024320896
157.5,180,0.329373453572
167.5,180,0.303055201158
177.5,180,0.226914893372
187.5,180,0.21360717344
197.5,180,0.183622013451
207.5,180,0.155968462229
217.5,180,0.0
227.5,180,0.0
237.5,180,0.0
247.5,180,0.0
257.5,180,0.0
-52.5,190,0.285406544759
-42.5,190,0.334162927732
-32.5,190,0.361053188922
-22.5,190,0.324072122201
-12.5,190,0.347531375151
-2.5,190,0.364504068829
7.5,190,0.349076746393
17.5,190,0.389129613089
27.5,190,0.398296115457
37.5,190,0.404603121579
47.5,190,0.397504877921
57.5,190,0.384596114697
67.5,190,0.400826692927
77.5,190,0.385727848963
87.5,190,0.374171036937
97.5,190,0.359943218181
107.5,190,0.339908291399
117.5,190,0.328837175728
127.5,190,0.341260607725
137.5,190,0.331524746883
147.5,190,0.325765927179
157.5,190,0.29851035442
167.5,190,0.297367075628
177.5,190,0.247708348184
187.5,190,0.187130886723
197.5,190,0.145529759639
207.5,190,0.171911536718
217.5,190,0.0
227.5,190,0.0
237.5,190,0.0
247.5,190,0.0
257.5,190,0.0
-52.5,200,0.334313970222
-42.5,200,0.357997492682
-32.5,200,0.389384593795
-22.5,200,0.401402047874
-12.5,200,0.376916807732
-2.5,200,0.370353826254
7.5,200,0.371707700577
17.5,200,0.381947208709
27.5,200,0.377407717774
37.5,200,0.376137890649
47.5,200,0.388429034366
57.5,200,0.381228740668
67.5,200,0.383921901246
77.5,200,0.400577983799
87.5,200,0.382224478492
97.5,200,0.372728531238
107.5,200,0.350264130511
117.5,200,0.331280393985
127.5,200,0.332141843613
137.5,200,0.332753301096
147.5,200,0.31270585722
157.5,200,0.332148640779
167.5,200,0.382885291725
177.5,200,0.280905197561
187.5,200,0.241014992181
197.5,200,0.183990533208
207.5,200,0.309404157252
217.5,200,0.0
227.5,200,0.0
237.5,200,0.0
247.5,200,0
257.5,200,0
-52.5,210,0.329874503931
-42.5,210,0.391430022853
-32.5,210,0.391636180888
-22.5,210,0.393339405606
-12.5,210,0.377539924662
-2.5,210,0.37313382315
7.5,210,0.385916853388
17.5,210,0.374133543022
27.5,210,0.387840997613
37.5,210,0.388283798744
47.5,210,0.376602160735
57.5,210,0.375903650926
67.5,210,0.386114893296
77.5,210,0.38687349915
87.5,210,0.395333642629
97.5,210,0.374923378265
107.5,210,0.341967204488
117.5,210,0.353802709832
127.5,210,0.353052732265
137.5,210,0.319217170779
147.5,210,0.348359888681
157.5,210,0.317852862138
167.5,210,0.257151633282
177.5,210,0.27770429456
187.5,210,0.342308790054
197.5,210,0.272936371201
207.5,210,0.0
217.5,210,0.0
227.5,210,0.0
237.5,210,0.0
247.5,210,0
257.5,210,0
-52.5,220,0.363572795085
-42.5,220,0.419139615275
-32.5,220,0.382039344434
-22.5,220,0.389105345866
-12.5,220,0.38711839537
-2.5,220,0.359218068093
7.5,220,0.364679355048
17.5,220,0.367862665737
27.5,220,0.367003514984
37.5,220,0.373541264082
47.5,220,0.361312705284
57.5,220,0.364457491896
67.5,220,0.366327374457
77.5,220,0.40274845007
87.5,220,0.405626682099
97.5,220,0.414722128026
107.5,220,0.376351594038
117.5,220,0.32673216566
127.5,220,0.26964740757
137.5,220,0.256094980038
147.5,220,0.308524146707
157.5,220,0.234757411988
167.5,220,0.279061029414
177.5,220,0.321642487724
187.5,220,0.455666873813
197.5,220,0.0
207.5,220,0.0
217.5,220,0
227.5,220,0
237.5,220,0
247.5,220,0
257.5,220,0
-52.5,230,0.37945794916
-42.5,230,0.41110458772
-32.5,230,0.408324020706
-22.5,230,0.386317068804
-12.5,230,0.37557855964
-2.5,230,0.352791250147
7.5,230,0.353878344489
17.5,230,0.359201603075
27.5,230,0.364798032634
37.5,230,0.37476402606
47.5,230,0.358015458786
57.5,230,0.360136823667
67.5,230,0.336833707839
77.5,230,0.381731096626
87.5,230,0.375336098961
97.5,230,0.350579461224
107.5,230,0.269673773665
117.5,230,0.213313117949
127.5,230,0.331826871094
137.5,230,0.339938385952
147.5,230,0.455982922679
157.5,230,0.0
167.5,230,0.0
177.5,230,0.0
187.5,230,0.0
197.5,230,0
207.5,230,0
217.5,230,0
227.5,230,0
237.5,230,0
247.5,230,0
257.5,230,0
-52.5,240,0.349146948714
-42.5,240,0.415800263157
-32.5,240,0.41142970715
-22.5,240,0.374678692033
-12.5,240,0.359654838404
-2.5,240,0.356616599229
7.5,240,0.320690892312
17.5,240,0.319111880533
27.5,240,0.351961143891
37.5,240,0.372090778619
47.5,240,0.350324683182
57.5,240,0.35016815193
67.5,240,0.264898245591
77.5,240,0.275337806043
87.5,240,0.2578975484
97.5,240,0.0
107.5,240,0.0
117.5,240,0.0
127.5,240,0.0
137.5,240,0
147.5,240,0
157.5,240,0
167.5,240,0
177.5,240,0
187.5,240,0
197.5,240,0
207.5,240,0
217.5,240,0
227.5,240,0
237.5,240,0
247.5,240,0
257.5,240,0
